name;competence;willingness;task
Charlie;0.6823761861824449;-0.3180936796547744;search
Charlie;0.6823761861824449;-0.3180936796547744;rescue
